Addresses,Meemo,Azuki
0xc6cfeDaAA225Bb433E00d762FE898707a3c077aD,8,3
0xad8425CD32aD1729cCF956309b84d2b928Cf709A,8,1
0x1Df7717323BA37C856773Af5EC70aF5c100dA7dc,7,3
0x9b7fEb7510C2162be71991798319Fc89eeA7A1cb,6,2
0x44922EAFa08F8ACE07FD68B60713e399360451b3,6,1
0x1531b8c20CDBd1463C8935cB32F1935cdB5cc255,5,1
0x6eb534ed1329E991842b55Be375AbC63fe7c0e2B,5,1
0x2B4915C74795193f61fb96bDd20878061b49CE5D,5,1
0x73D05c2Ea70dFC3B220444c94567dbc84Bb0d24C,5,11
0x21C9548B23b7fF3850d7354D17D48db9217370d1,5,1
0xdEEa37565A2FBcACb99D0E11E3080593b96cB54b,5,1
0x9C5a35728c602e1ca275C6d2ccD4622346db8752,5,1
0x7fC9435A996E6F07e75c244bd9F345FAAF81AF8C,5,1
0x7914cfDC0Dd94b8C2ac417102d9D8e5977452c9D,5,1
0xA0b90d36f020B0AbA9A662e87FA33EE3846d9aE8,5,1
0xcd983eE11FDaACD22Ff78B1f58CE1f761F4eeA1D,4,1
0x206153C003D24171702A0947Ec1008F125e6f155,4,1
0xC0859892FdbBbf0Fe3Dc0f25c7abfb05F492423D,4,1
0x95759D87638cD0880E059062AF9f9Eb7956a1c6a,3,1
0xaD47A067EA405B85A4534EEec3265A3cD3e36b1f,3,1
0xbE9643D7cDFA24986492d6Df2dEA2acFEA3e7b28,2,1
0xc3DE7f697091D5235bb5670c4b86E6192c611027,2,1
0x3265A39fa1bDD28b9029568208e3cb4639Adbf3e,2,2
0x6fB33b9061f6079D320dcaf369B696874cfD496F,2,1
0xBf91944F333d2E55Ee2692A090FB4E0fD8712d00,2,1
0x3303b6AED6F306A6d7cf5e8C8956bEFd8F1Bd2e2,2,1
0x886478D3cf9581B624CB35b5446693Fc8A58B787,2,1
0xA233066196976a752eCB441DD2DE65a2805F3FB4,2,1
0xc20A4A6fd0DCE286AfaD550d2266965CAf8CEe5e,2,1
0xE59Ae36e5bAe62Cad60d01DF79CB2699E74eD182,2,1
0x4c5776AE1425cDaD807A5a4a345c7c3eD8f67001,2,1
0x9441e690788B01b660E8d00Eb09f007fe8C84B71,2,1
0x7B8a6e7777793614F27799199E32E80F03d18dBe,2,3
0xd5Fe01F5095D871aAa27F6eED563a6807874453F,2,1
0x5D120E0929DBbf2315c97A4D93067E2dD9128cE4,2,1
0x3e70Dd86811E86Fc7E28c5cf5D96DE4B4aad4cE2,2,1
0xa2C4d0C1dDF2734D36B174992eF3CeBBaE5DB841,1,1
0x8b3f4eb783270aefAAc9238ac1d165A433C8FbF3,1,1
0x5DA79E08dcE76306c250636e4666d3A76337B9eB,1,2
0x1b1C0D28A8878B88738e48c9909aD8d39b2AbC31,1,2
0x23d01763C1D3f5f0e8F2302CB143a4D069C816b6,1,2
0x30a21ECE1AEEFcd4b5fd4C9369e9b3183ee1d00b,1,1
0x81fc394787E8b5c38875A2CF3bbC7A726CcaDc48,1,1
0xD7AB24314DA76c6d72e832a61F122e58ea10948a,1,1
0xdDc39Ad101E5aE897714febAA3A78f444aA37AB2,1,1
0x3635B3d38B971ED37b17E6E1Ac685Af87bc8d930,1,1
0x1057B6adB95680C811c256A393F5C523d94fd6a6,1,1
0xe9f63730D243bC6df5F5A109328b3F7CC0614d6d,1,1
0x4a3EF4460403880C6ce6dF7c6C92EEaB569516e2,1,1
Total ,148,70
