Addresses,Cool_Cats,Azuki Count
0x54BE3a794282C030b15E43aE2bB182E14c409C5e,30,5
0xc4996857d25e902eBEa251621b758F86D3761C0f,29,1
0xeA4396B0BB1DeD1383CFE5BBB98B1AB09Fd142A5,22,4
0x92041C816fA960e2352f49ac118771307c416A17,15,1
0x38A4D889a1979133FbC1D58F970f0953E3715c26,12,1
0x6491bce963FcAe210b7C843c4829202Dc2479C03,12,3
0x0B5dD26f44D36141d97A3bF6841e7bA63C092AF9,11,1
0x3e25dac1092031116E2A7d59953dCEC2824A6C6A,10,1
0x4897D38b0974051D8Fa34364E37a5993f4A966a5,10,33
0x88341d1a8F672D2780C8dC725902AAe72F143B0c,10,19
0x6F59738973e365a52b03A4Ed7A552D2704787f8f,10,6
0xB12f1F37767D19d63cA5a9889Da95cb396c957eB,10,24
0x88889778402dcf6cF363bB9Ac47f7A2D8E77A2AF,9,1
0x7C6553933A471b43cE3a76A02245c5162C82522c,8,2
0x0Ed1E02164A2A9FaD7A9F9b5B9e71694c3faD7F2,8,5
0x22290f198BE49fe8245cC84D11e4f4747A2000ae,8,1
0xC665A60F22dDa926B920DEB8FFAC0EF9D8a17460,8,1
0x2604fb7B2c561D6a277a0EC8c2308A26CEe18272,7,1
0x16EcAfB3b5D8E15d07BF8D3ff3a3F9Ab16cDa860,7,12
0xF224837e13B1a745574Ef68A73427B0063F266F1,7,4
0x178cA0473D596eb08304a98EEae3aE05B2F04153,7,5
0xd07489DF7BB4727280AFf879C051b38353d8a959,6,1
0x0Fd3e2c50EE69fd59E3Ad545Fc07587ADB6fB39E,6,1
0x42dB1cCBa62B6aFdFc9F7471b90d7dE2156ebd9C,6,3
0xFA04FcCCDc6EAcea794Aa59F9b0027aB744bE3F6,6,1
0x735eD02655Bca15EC46491C0dE4946591135459b,6,2
0x4c343ec99711eb9B266a2aB9d02757A969a92f5A,6,2
0x7cDaC4326D72940665b8c5eD832b4a9eBDfBd660,6,1
0xd2498b4Dc8402789736F7C94CAf969eA65BadFa2,6,4
0x366474E5ca468292DA7BB9ab5dE87c015B35a110,5,1
0x765c0E040B294d7e3607373998F2bBb7259673a7,5,1
0xAc3aaD9A7fdfC1A4C548057a5dd1408D9E26Ca00,5,2
0x3d280fDe2Ddb59323C891CF30995E1862510342f,5,9
0x7772881A615cd2d326eBE0475A78f9D2963074b7,5,3
0x1E5CE6F088fD0adb4fCFf31Cfb02A61503311bE9,5,4
0x9654617220e021f942E844855621ed08Ac9154c1,5,1
0x2155D5C0A63AF068a00443483C4CD572ae73b09b,4,2
0xfC28Fd2Bf7EF223A395D32Cbfa7b4488298d63d6,4,2
0xfFa914c83D851b9Fe372e4bA6A6E131373AA16ab,4,1
0x2Debdf4427CcBcfDbC7f29D63964499a0ec184F6,4,5
0x4F000A1895B72734A94446CAD33D576aA38aF257,4,1
0xF5D4a3b9FB77d1d5600a10E0e1C4eFD12F9be751,4,4
0x1C3Df1F4Cb5e551Dc6efF0F61595958907aF326b,4,3
0x62cB05fC74548cB01b5d6c9C846bd0C06a42be9e,4,2
0x23d09Ed7A3f46270271F5B2e00Bfb4AecF361160,4,1
0x58d97151619418951010eA30623f9f89A3913403,4,1
0xe38918204954B986aEcFc73C8eDC831905a64F60,3,3
0xeA2a3f3DC3e40Ca326C1047B0cB567e91465C512,3,2
0x9e7F11F34632BF6362FBcBe11Cb638b00B68E755,3,1
0xe47E1ac440A31A8C77C825cF30D9a91f6352Bc84,3,1
0x4e2e67836d10B02B1DCe78591af6DFd1e2d7BCBA,3,2
0x64aF0b826a315e88F2726C7f5A2291f2bD3a39e3,3,6
0x668E961736454a2444ADB485340cB7F0844DDd3d,3,5
0xc44af9353818BCE658d6c0328A722fAccc14C59b,3,1
0xd2FC0D9F79ef243956c10e0C6e76E588D70ae8Bc,3,1
0xE34EFBcE9bb931b6C2083237B4f93b1870E41582,3,1
0xE52Ee356E4320DBC467D72A5e7931C1F24Be2912,3,2
0x09D390e78FAa3ECA8C6e3c0bB3C6CbCAF679a44c,3,8
0x90e5aa59a9dF2ADd394df81521DbBEd5F3c4A1A3,3,5
0x5289156F8B0876E7576FE960E39a3E84c90D821f,3,2
0x6c8C7539Bf6A61c249c520C837Ed0e19F91344dC,3,5
0x04C36d1373b69177F311c2e27FeA6eD61a3b84B1,3,1
0x6C15D3a7ea840A8Cb2884056233B8aEF8e6E269c,3,1
0x2128957c50fF22dAa71F45C0c47ec71a22b7c7E7,2,1
0x5d23B4ea39E274b23fdEa9bFDb57b032AcEd47d4,2,1
0xC457749236328D6E27FC7441cC32f273D6AD05aD,2,5
0xCdC116B3749f0E272D337C6213D8EBFFe65D6E1E,2,1
0x4c064F014367F6b7b75940831c0A40395D17Daf0,2,3
0x559C4b03a2474b04074c3678d08Fd5B8BaE85028,2,2
0x396664dFc1E515682c2BC6c32b394d5734392FD5,2,6
0xB4e00Fe340d19cC31791e2d9119b16D0e5631a3B,2,1
0xB8c1fECe2C2928B1e985f59e8546c2F0c13296D4,2,1
0x729c225CAde5cAc55eD3317A8Ca3AB3d7410b1A0,2,1
0xA2d6c814541Dd5f5099dB9282936a6724B8659dd,2,1
0xdEe0075b89869CC40135468E861DEc990bb4aD6e,2,9
0xe01A97FC4607A388a41626D5e039FDEcbfC6ACd9,2,1
0x0392c0D81934B52f64aA50C2cFbbcf28cd6141b2,2,4
0x8b6BC52ec3D7F5f2AE212EE68a25C2B9e814C3DE,2,4
0x77B37fb4B9eFe1461258A6d6Bc38D3B9E48E5b58,2,2
0x8924ac1196E2ae89603925B6e001Dd14E3f7fDFf,2,1
0xe887F13bfc9a33CA3de5a5CEb2fF3126f45b8100,2,1
0xC46Db2d89327D4C41Eb81c43ED5e3dfF111f9A8f,2,1
0xDd74a5f502167c1bdd88968D058834170175277B,2,2
0x3aff23b34571F74dCc5A31eb8120c7536a7F2de9,2,4
0x9482C72Cb018eE03d8c23395038B510ED4e6040C,2,1
0x6B20B16f43Eca32B07fc255420C345adB9E00EE6,2,1
0xFe5573C66273313034F7fF6050c54b5402553716,2,1
0x4dac26f1E79A00dC8F8E365a0Df3ded2c31EB59f,2,1
0xAb4516800A556341c761b4b6eeb48942A5E390e3,2,1
0x8aef4c22edB65a0C3fb766283F781B80A8baADB6,2,1
0x66C22847026859dA04EF475113a58576d1347845,2,4
0x66Af4d4f0a18E95a804CFC3852ff6F54d8BF2867,2,2
0x0743882fa09A0c257B18d53dC1B101d3F32a04E5,2,12
0x1406bDD2F2A18BfeeC422420646c5b9bAc26Da96,2,1
0x53831c17c99E3fd128fA356FE2037fE26A0ae156,2,1
0x779a7EE0d32122E82E46ebdd4B993e2192D66369,2,1
0xEAAe7Db5b77Fc228BaCbF58B787E4FF0885b146e,2,1
0x0aFeC308fdFD86cC54Df29903A43736f06BD398C,2,1
0x0C2DE53b7f4520AFD3F92ac793943CF90fbCFe13,2,10
0x20b38b163765c3a9afEF81781F06cae22Fef3290,2,1
0x186baD94057591918c3265C4Ddb12874324BE8Ac,2,2
0x8dBb75c576B71B43eea54398F8606aeC530181dc,2,1
0x90859216cFA0A4F99df9Ad561778Fe726181619C,2,1
0x6e9559a4d5B64c207C58C18f6be70D662bA07e57,2,3
0xd96a36cBf430C3f2aabFeF5B0D3778f36D0b1A62,2,6
0xD5983C209Dc35D429bBcC37b734951A798f3D154,2,3
0xBaA7dAC724D6AB7474aF7625811f8ca2e972D541,2,5
0xBfd8cba6a1E10e1Ab4Fa11A0062F4e52e13D260f,2,1
0x123Be94bCA3e5aE858039112D14C1c740a3989f9,2,1
0x1f7Cc5f5DB829494B974698963654Df26DBBF4d2,2,1
0xe6563194F9BAA6E3064086A98bF73608Fc17cbfd,2,3
0x9bE313209Be2Bf005942D4DDBaFecECDe5F18b30,2,2
0xb6aD61B7558c718269a9129Bd9eD9839d88A126A,2,3
0x6be55C75d61ECaaB7eDf7791C087858269760383,2,12
0x89Eb5eB43C500A6CFB6ed803c268A7E9fc676770,2,1
0x5481f217cE19e22179CCf2Ce919c2d9a648B2dE4,2,2
0x7c1fD4d5aCc15b46729c5Fb9279B49Cf71178654,2,1
0xeb9072F14a376Bf6D4Bf9D0aE6C13EB30dD11681,2,2
0xabF9984f06799C7D9378628e31136B321D159318,2,2
0xA9995648fCAC5b970cd25E141Da08C6E0a063fc8,2,1
0xc61f14DD2fEdBBa6414Ed0F2e3036d50f7919379,2,2
0xD8CbcFFe51B0364C50d6a0Ac947A61e3118d10D6,2,3
0x1B8d42f0451bc9077E58b1681AbD874f174F376C,2,3
0x410730C2f459ac1c679124043F9FD2531A5EBbFB,1,1
0x5b2d08539b3317fae2DB93706D709d859c6103D5,1,1
0x1Df7717323BA37C856773Af5EC70aF5c100dA7dc,1,7
0xaf469C4a0914938e6149CF621c54FB4b1EC0c202,1,1
0x3635B3d38B971ED37b17E6E1Ac685Af87bc8d930,1,1
0x7b2e2b01b349c99Bd245EbE75399e31F3a3ff9ab,1,1
0x49185F385b83332bda127B46e48d186083Ab4988,1,1
0xD91341F739C2fEAc1e048A995B0d602D92959123,1,1
0x0A7669015fEf82F5136c9a2E44E1eCbD2a5AEC19,1,2
0x497a7f9C9a5bcFA32257E773726b1B1F850F5d16,1,2
0x34bfD8Bc85978dbb00A3801F50dAcC664234697F,1,2
0x339Ea14d82373cDBd329Ad32a1f192D3c5c1Efc4,1,1
0xfc7355bf612fb59043B0AC3d728942F41A3e3905,1,3
0xE7DcC040dEbdA16f385E02C11FE3B7Be779Aa145,1,1
0xff8bbf272c2EB880D1dC040BDE699123A3AeE453,1,1
0xaf1a37fC4565258155a0c5F29b7DB30E1aC1Fa70,1,2
0x46168c5Cd4ccb6d8D849bb34fBf2B7f6C1365f0B,1,1
0x8400756922446ea8F282a6747Ad5778270e4219A,1,1
0x16AE9B67Be5d59FCB2FDDEa5b3208943e63A5aF3,1,3
0xc70084445C4d24809C72b91e62B1168c727508CA,1,1
0x3916bcCF534a200467D546414Bf93A2BF47DD7CD,1,1
0xC53A1682403BF4e00b8C6d8995953209F3C8Fe6D,1,2
0x0b67A3d8708e3375a5226208eb3764e345B9aDa2,1,2
0x4fb2e1E718EC713aa7346687FCE8e4411b7F423e,1,1
0xfEAF4D8ba2772BC225e6C940F1D002F8460c51bE,1,3
0x72718450C4ED41464A7BB3644e31B2225E661A53,1,1
0x007880443b595eb375ab6b6566ad9A52630659Ff,1,1
0xaeF63b54EACbDceff0B63609623D038195008D88,1,5
0x7787Cb6C3773F4A07E378824E0082Eeb361e13eE,1,1
0xfDcADBf0D4A295b47a06d375Dbdb357dd23beEfC,1,1
0xCdd03A39690f1a8f63C05a90d114E9AC05A4C442,1,1
0x7B640407513Bc16167ef3450FD6339803982e976,1,1
0xb412F82383D0f9A97E3be04598eA79cD4aF96D51,1,1
0x9b1020ee4bfBF31706979A45e931Eb7e6047303D,1,3
0x00493aA44BCfd6F0c2EcC7F8B154e4fB352d1c81,1,1
0xb7FeB8cdF15262Ae29f2978c478931B7Bd1ffDEa,1,1
0x3e70Dd86811E86Fc7E28c5cf5D96DE4B4aad4cE2,1,1
0x27DB134012676a0542c667c610920e269AFE89B9,1,5
0x79B7DdB04B72EBCDC5460E0dBe229E9dc642CF44,1,3
0x04490fB053a8Ff110bea35F22D955C0092aAE5f8,1,2
0xB8B32B164a445719d8315F63d6B2fd359eB1d725,1,1
0xA2201F091B2e8E5f8AdAf8b023b99322b9eA5E66,1,3
0x6278949C0Bf7C26C9F0a6ed797530f7d069BBC5a,1,1
0xf23CAA76297D547895Fa5FC382f906825DFdC04f,1,1
0xe08f51A03b700fdd93cC80567aC0B9B95B84bb93,1,1
0xa4925774f100e8A8D4496A86a039B36f0Ee7bA46,1,8
0xE1fd04Ffe70bD2230ec4031b09681C3BD66Af8B6,1,1
0x5De6c47Dd15502C788C008C66e1AF311F2e41554,1,2
0x5FD2C02689d138547B7b1b9E7d9A309d5A03edCd,1,8
0x875410F5EBE5F55FD189a75c4908A21420BB1197,1,1
0x48d83B272339B5ad1017e53221887576c72cDe09,1,2
0x80912CaC61261902247728872E87C7A89CA8Fa49,1,1
0x60251579f5D1Be1483ecAc3519c9F0515dD9e023,1,20
0xE36a124CaA7Ee0b75A96A934499CE68DaC6D9562,1,1
0x59C76C664eA5e3703507a04a63f7655d8cbf84BE,1,1
0xb66e39960aA3E1f0e3Ca4A7Fb1214641358e7694,1,3
0x7094F8f61303411d5da0FeA19fa1FaB59072f1dF,1,1
0x2A64355e84EaAdC708CE43995D928A02660f6369,1,1
0x616b958904940c789e104Cb39bd2BFF82427CCCB,1,1
0x19876555C0b25Ae17224fceefc8e8138A3972020,1,1
0x205410FA2246BDd108a13d385Fe83f1dC5133279,1,6
0x69F35Bed06115Dd05AB5452058d9dbe8a7AD80f1,1,2
0xfcFC115Cf18605E7672372cb2d75B1a6C675C8Bd,1,1
0x00df0a54Fb57BB4A999B0e3E3746EdF52aB44c7b,1,1
0x3458fd8F327f270B32092Cd406Ed8ba97405d9F5,1,1
0x29Ac25d705966859A33e7957d8c56C2c6736Ac0E,1,2
0xad1e365152589d3501340Af5c004bfa1EF0d724a,1,1
0x4B46F1e241838a910945a3FAC242DDf6f5d7c041,1,1
0x9339acFa818DA6a0b2a196eF31D67acde156ACB0,1,1
0x33569c101562e1fAF5b24581057E5cEE4c8288D7,1,6
0x92E5Ab720eA0C3a532C2b9C9242b1930F8d20103,1,1
0x6FdC859bFaD3bc680647C8C58530faA039e1fc03,1,1
0x66C1674b45C69e13Cbd40CabE85A86F5E51d97D0,1,3
0x2Ac0757842a29Ae403a33D118F3A6a1C5b149293,1,3
0x28705f64c07079822c7AFd66e43975B7C6095ef6,1,1
0x2FbB883f571951b718E8F581df5710bBDf345D1E,1,1
0x024878EAff0e05E559CC4fE553f64c18C0469182,1,1
0xd158FA3250b1096A82BF805bd260E2338BB2FfEB,1,1
0xCddD0380132770c7A03f2AC2b2D421D35B95cEDD,1,2
0xF23A873B5Bc29D9269Ad4a50F093477f4599C007,1,1
0x2Bd0cbb03Af55E337aAbB179a7BF092218B8367C,1,1
0xe193ABDad96B39532f66c34e758AE945A3288e5F,1,1
0xAFa08BA8B25460Bca971730B51058aa1C257893E,1,1
0xe67bDb2B8Dfa8e28E4d4b8d8525b8928A6Da556E,1,1
0xA887b1F658aaC0ED2A011d5B352ccA49157DCbcC,1,1
0x61d781094F1484e17210855066a26eB9F08cd78c,1,1
0x30CF55BF0A7b5011083E8B02bEe6b14B6f5193f2,1,3
0x83BaF7c1B4BA0A4fCdb7c20120C60B858Fda55F3,1,11
0xeD5fEb1ED6c3032E5dC31CC0700fB1B4be831a20,1,6
0xae39C99270A91Fa2CD76f76Abc176a873706062F,1,1
0xA1EFa0adEcB7f5691605899d13285928AE025844,1,1
0xC126eBc835fbE29B5F346158138b5663d6f5E307,1,1
0x81B55FBe66C5FFbb8468328E924AF96a84438F14,1,1
0xF142D7bAFF0986B50ae24e694419C65e7091f52c,1,2
0x9509aa758f41e5f1444C124aCb310f4B2044dDF7,1,1
0x5E451B2D167c2A8FAF0A8B23cFf27996a28F28bC,1,1
0x41955ab7d12F9F6C03de972b91d9b895D9c2EaF8,1,1
0xDcf5Ac110BfB16933b6F50b5e5F8E38c98D39481,1,1
0xefdee53249EF08013D31AEAC2A738912197b7b5e,1,1
0x90C5CA57deF96cf5c651333D2033b8B16cC138cB,1,1
0x18799f860F9AdB26E076d581603037F79342e0C0,1,4
0xfDe055444174f1d990b2CD000b55D83720e0C76A,1,1
0x6C6636bcCb704EA31Db539abE3f90cBb58876f10,1,1
0x47aB12127d15AEc567E208d34f76930DFE8daBdA,1,1
0xAA3F3ed871aB321002d823D466D6E2d5e05E4aB2,1,1
0xC6cbDc62d02A15cBBEdB65377f40857e1a5347F0,1,1
0xd4BAa5B1cfd74512a4243B09b544E6fb19832389,1,3
0xbD6907023e8129C6219536C1Bf2e7FB9e0CEd8E1,1,2
0xEc4EE55488eDA04f6e02cdbBb745F50dD612d937,1,1
0xbE27d2db545Ed28811d535aB29E86B780f048ac0,1,1
0xF5a56c6bC52A1977577165A5513e8F8e0cC79AAb,1,1
0xcD35548d33D7F49f4CB2d08Fd3e0FC7565752223,1,1
0xeDABa4d77be97fCe61e1f804BD1Fc7b1F4f1F37C,1,1
0xA233066196976a752eCB441DD2DE65a2805F3FB4,1,1
0x30247879385db710c7F48DbC53166373fFD12390,1,1
0xECB1165bAE717F58aE71221A687b6C09Cc43C504,1,2
0x010D1aE300eBbfe8E31E53ef8BebD59a8169a3f5,1,1
0x728f2548559E2AaCAE8B6b01FC39fF72771FF8BE,1,1
0xb386e92aCf9279cebb13389811C22b77cC649Bd6,1,2
0xd532962FD7976880FDff92DB9Cbe48a7369b1fc0,1,2
0x7d989ce97CFF246E23b2c8e9d431e922C3e85dea,1,3
0xC81A849a8d9487bcC343d581f799075AC341c5f9,1,1
0x152bB2ab0Eef79fe328444117fef8d606a92009E,1,1
0x52aa76FeA4a9DF1c2b5FF4cABFb54ac109E2e118,1,1
0x1e24BAB057a9F8ccFE9eaD0635f72d30CF194A4F,1,1
0x2ba77503bA95CDa28A4015C73eC88B60516fb91d,1,8
0x440631dbdC0753E45241569C6d63552eAC8E3130,1,4
0x09b2741feD63B7Fcc5E577cDc9d0cf0D85127A32,1,1
0xb8663D418298aE47CAcaa75145649032FeCe923f,1,1
0x8295A49790dAc601d51c7650F82f34045Cf1c338,1,1
0x93D849A31aCeA594a116B760Bb6DD71BDE536970,1,1
0x60d5c7EC085D1195D4ffDd2a538eC1A10E30693C,1,1
0x8447e981341dd44F7a6CAF26e6452d3fb12d8592,1,2
0x1850dd8FB9323B01C340d0eb1da1Ec16CC8EE1a2,1,1
0x65DCF7782260Aa1d6642a85f36c0Bc9545182F1e,1,2
0x5e113F1Ef9f359778015a69AA17469786a9fc615,1,1
0xa353f0e8aD61d70cd545381211117896C8bb49B1,1,1
0x417A604A4BFfbF89546fD8Bc6Bfd1b20C133c32e,1,2
0x087e282F6275538Ed99B1E7df165EddEB745f3a6,1,1
0xc8030B11Ff7052436D9670188d00890B9F48A06A,1,2
0x9b1a1d93cbc4C3A5584b7E58656e6DAC00B4Fcee,1,1
0xfFfCde6975788ff3C5Ad6BC5D00c3FbC9d42483C,1,1
0x8Fe191237f3f77d5D811deD42c8641bfe17AbD37,1,1
0x82dbE88F5E7e420d5Cb8E9c32e639A01A942DBD3,1,2
0xa0B4D4f530C77D05f6071d1CAD416Ce0e48669B6,1,1
0xF862046a8C47Af06Bce0dB3A021928a898E5Bc6f,1,1
0xd266c194E126D4FCFC85E8c665ED7f668f6aAe93,1,1
0x0BF6305D4382C37a7C330604048AE9813DDadE28,1,1
0x4BD56f1f449f1e88c106fa3a5dc8a1477a792739,1,2
0xE7d254965C04468B559CBd796ee9d13b14011Aa3,1,1
0x766a6923A62d062fa6Da59f91d9b669A85bc7B15,1,1
0x8C9AF78EF5Fc00D5550a5468f54Bea452846C0E8,1,1
0x9239F8287e8448c8FB2f07B244fD56fCbd1576ac,1,1
0x1aA22b1E54E0229146d59D41bf8915E42e2897f3,1,1
0x382a27798915d60f76220fDeB276f3731Ba6d104,1,1
0xE6030d4E773888e1DfE4CC31DA6e05bfe53091ac,1,6
0x4c8ad72f93C7BD2131701F3790e6D06cc56c651F,1,1
0x02215fD6FeeA58A4e51cE95c60182e9d39DA99A0,1,2
0x00D29fBc981d05edBA69BC0909E391a132271357,1,1
0x8fAB640d608c23844105342a88C86cF593D65445,1,2
0xe684AEDcb17D70923dD50aC757ECeDc43d86cc49,1,1
0x114883c62112C5C98fd22F09221636bdecAfCC6c,1,2
0xE526B01B0728c617a2664ce4Dd86f289FBbd5cE6,1,1
0x7C42d8c9Ea5c6CBa2f42E252953583fcb8dE1CcB,1,2
0x11e41f95aa2CfC13E5E7F2126b5675119FDAFE8a,1,3
0x259b9c4CFEaDaeF8A5b842710a777364988415B3,1,1
0x9D9Fa64Bd35F06c9F0e9598a7dF93c31d72D14Ce,1,1
0x21Bb3Eb127B7b96f39E3e99B0Fb7F4051C4994a8,1,1
0x8dE7cA9753D5faFCbEe95d402C662E1CcC41c546,1,2
0x1A3654a9E2E78423C20647eE52FC179C0c407356,1,1
0x0D76461AA04e1CA42730AaC61dF11E4A47164E48,1,1
0xEd3C3BFfCF147850406d0E58Ce4f4Ebd2b5Cd96C,1,1
0x5a813b82e4520f5534ec617747c1887b9f03F051,1,2
0xC55D765bbd35e495eA519F0A170dedd30363e114,1,2
0xA55B63638cbaBa78Cc4e0200901fd77DF60Ee77b,1,1
0xF380ED92ECA580C4D78B5678348389C82772BD61,1,1
0xc5825A27A03fF2FbA429F49d7E337C4D4dd39400,1,1
0x0ca5EC2aFd63A192dE5aA103F134Bb59F0e47f7F,1,1
0x79dd8Fab0661Da2Cd4131BB454bAb060576ce2ee,1,1
0xC30Ea36667fDaFFD9BC43b89Af8818deBa5A29AD,1,1
0x07173BB420de135AA05ff97e4750D1456865FFD0,1,1
0x994F16B760E5549bDA0e8C9adAB0809552452e76,1,4
0x44cd75d0eccaC283c62184ef87626d639E047441,1,1
0xB1367Bd5C4D68897cCEdAbB0641c6ae491b8A697,1,1
0xDada9e84C051e58F60E92b796620cCf3E4Ba9119,1,2
0xf8AfCacc459038A374C697BC9486A0A410686540,1,1
0xF8d101B33a948fC07b2dd8cBf392c04b586Ed56d,1,1
0xECa588e75c8Eb0D2322f52c2c90Bd525C5a5d93D,1,3
0xc0eBE72C83646F39197F12935b64d2E581846a26,1,1
0xe39bD9e3AF2054Dd193B0D0217CFBD460f104902,1,1
0xD20fCfF37C7E79f5b75a5CfDdA90C23Dc0131E8C,1,1
0x80aC8B6F4CACEa6129F5cF1365904F056b4E29EA,1,14
0xEF651AeB3f20Ee4e2bcd22e111D202CDE25184bB,1,3
0x8101c452Ed4Ae5C0aF5385eb5dfcA47Ee0EFfd32,1,1
0x00227878f54356410004D186B2f1d09DeCCac42D,1,1
0x00DfB0d32722D7820DF685E1B93f33774E83892E,1,1
0xaf9E18cd797548220317fB459095C6afac5C33A7,1,1
0x4401Be780d994db7e1EdD232F0eD08a5a490C8fD,1,3
0xB2e714BF6b0CddE7F27316132Fb612315f3fAf91,1,1
0xF59A60c380b7D2A41aD96453177Ad1Ff854CC199,1,1
0xD4C5211966074126b8F932596A26a34e5AE31d45,1,2
0x93784b5cB0f7b2aA8B67d8D8C391AE507e446266,1,1
0xB66190F67ed8f0ca790DdFE541ee1Bd0dA53fe70,1,1
0x3bEd6c7Ec492D0d57f68F8c402FB7e2DE51c1165,1,1
0x9D92549B057bEf32d11a5B055Fe575749C026a3E,1,1
0x6b49556d74c39e38997d7A44778B739C22A8F491,1,2
0xD3E401814d1FaA8ca0419EccCBFeE93aC7B15B31,1,4
0x3c2B4bDCD2F742C55186fc599Cb733a127E2b8ab,1,1
0x983953213fD82e8d0BaB2fC7c803ae5DFf9d0De1,1,1
0x2de14DB256Db2597fe3c8Eed46eF5b20bA390823,1,6
0x739B19a759cDcA028AAc3706FE4345C4A3372F66,1,1
0x024BCbCAad82E67F721799E259ca60bc7d363419,1,40
0x06b933af4D2b9b051f08411e06A7cB5b3fB1af62,1,1
0x1FEF500586a301D843A8049b6FEFB920b4888513,1,2
0x6b611D278233CB7ca76FD5C08579c3337C01e577,1,1
0x9Baf1B105B591B2107620017Dbe02cA8D7589a49,1,1
0x29e2d5e5b375d76E91caAae341420657EAbBB8c5,1,1
0x7324b1202a7eB60ea969D94690ABB25f8e92c5a8,1,4
0x8bE66c4d48ac7fB0f34996709e2252ac456288FF,1,2
0xBe9998830C38910EF83e85eB33C90DD301D5516e,1,1
0x42F3f76Ba5202D7A4C48fD428B5613c657689BCC,1,1
0x3fC3E56D256a4ACe92a93E4e6E70A719CAa0D080,1,3
0xCd32895ffbC17085Bf27D9d6411d4d8295ff7786,1,1
0x1984EDf70973E1389548F21cD0DCb15b408240c9,1,2
0x60Cd04af655806bCdE85964a78543Def2d40aAAF,1,5
0xAA54fA7C21aa518787208923d8d173F2B22658fF,1,1
0xE3f279F20c51173F68646d8c371E99054994c5FD,1,1
0x0A3C38D3bd9e36E300E4f89332b35b1Ca08D422A,1,1
0xfc4d5f7a7d7D10c6Fc89F520325AB3AD420D6465,1,1
0x3E226E119174EF9B4BF4463ba53C17C44a96c700,1,6
0x07cC3c2Ece8a0D83D71F9f62D70731C5392f5c29,1,1
0x30E924cff3C2a73b153D1C935819d752c555eaaf,1,1
0x13B3A50F3947476eDa74FE191344524E2d2D28e5,1,1
0xEB6f3EAA5D0E30F1B860B913Fcab911F904907c9,1,1
0xe9d4f4f93C7C0EBF3BdfED9EFf721476Ce951E61,1,1
0x3f3E2f43f0aC69f30ec38d3E4FEC304bdF330E7A,1,3
0x8018bbadf493a80051AB73B83DF31D1BF37790b6,1,1
0x1c29dcaa0CAd96Ca3f60D414C7E2e47c99Cd7bDD,1,7
0xB2FBa7f4384C517E1524846aba89393b3eF42042,1,1
0x53722a32FDdda871f35ef628B252d349744d4b71,1,3
0x9dc856B3646e4daA540d6C6ABF646F96DAe3fB8A,1,2
0x286F4511F242092330777105C755F2468E84823D,1,4
0xE296803aCADD6a12c66dD8608A760020219b763B,1,1
0x527d968af4283F20924c2e5b8dFF867Aab566478,1,1
0xcc4D049ec74b00dd45f4887bCb542b1D3A82AE21,1,2
0x7Ba6527419152e17d78DACCbb89a51AB71C8D200,1,1
0xA85Fa747aEB17203bD3aBa143E8E12cd50fe539F,1,15
0x4D6aA3DA789EA162a5978193Bd584d3067227835,1,1
0x31F9E1AA3108b7f70653D701fc7C0269fEe564F7,1,2
0xdF45e0868c741341fC14b43f59D641422542c578,1,1
0x7f08d733A2c4E65E88975AEF8F80fa694EF339c1,1,1
0x9F4C5733784dBF867Eba62068E5aB06c7D3A7843,1,4
0xEAD2b8ee2A2d0c5E99F7808d37f2eE57877aD2DE,1,1
0x8DE9834144D4c9a4276843DcB0Ef8a9B49b163e6,1,1
0x1e32a859d69dde58d03820F8f138C99B688D132F,1,1
0xdC7ffF433FC2B4f79efaD7A7c5990cE6328FEa5D,1,5
0xA4d07c23F28A1eb1ae471e530c3f5e0038d282F2,1,1
0x679B4172E1698579d562D1d8b4774968305b80b2,1,3
Total,802,921
