Addresses,Doodles,Azuki
0x88341d1a8F672D2780C8dC725902AAe72F143B0c,40,19
0x024BCbCAad82E67F721799E259ca60bc7d363419,30,40
0xE052113bd7D7700d623414a0a4585BCaE754E9d5,30,3
0x12F37431468eb75c2a825e2Cf8Fde773aD94c8EA,24,3
0xe6563194F9BAA6E3064086A98bF73608Fc17cbfd,24,3
0x4b4C13434aaC5e99645A4D9E59Fe497B3318f50f,14,5
0x4BD56f1f449f1e88c106fa3a5dc8a1477a792739,14,2
0x0Ed1E02164A2A9FaD7A9F9b5B9e71694c3faD7F2,13,5
0x1EC5858f161fa17F148626ABcFAC12381F97D34B,12,2
0x91E371C3CD3Aa81aF27b1602D4d8cf9D81ec5a90,11,10
0x1f7Cc5f5DB829494B974698963654Df26DBBF4d2,11,1
0x13B6F48B7D831F875771EeCAc073A28eDA4b137c,11,17
0xeE3766e4F996DC0e0F8c929954EAAFef3441de87,9,2
0x6FdC859bFaD3bc680647C8C58530faA039e1fc03,8,1
0x16205a6048B6AF17f1aC1A009bBf2ED9289E6921,8,2
0x3d280fDe2Ddb59323C891CF30995E1862510342f,8,9
0xF5fDDb64c566F2709b68378fD0D0092cf947D931,8,2
0xaeF63b54EACbDceff0B63609623D038195008D88,8,5
0x37aeA4165925186B9542f17F2156340a55915A46,7,2
0xa78345b576D8a12E0e7B20aB1310a374443dD9fC,7,5
0x8cEeB7A364987dB202D7e11F225E5472Cd1CF713,7,1
0x09D390e78FAa3ECA8C6e3c0bB3C6CbCAF679a44c,7,8
0x619F45AbCBB4b2cE12be75704351038b49860097,6,8
0x886478D3cf9581B624CB35b5446693Fc8A58B787,6,2
0x70bDc226EA2A8bE4719B79c44534F642e56e0e5b,6,3
0x33f0604F22039c5b78AFD8857Af6E54933678B09,6,2
0xb0Ba5311Dfa74510f7282953840f25403dCb2B68,6,1
0xeB4cbE5cd9C29e6acE6af4D5FC62c81d37DC52f1,6,5
0xC171a9D4ddA66330c41b6dec0A6b1Dc640B2B26d,5,1
0x978C54e840D37e0fBdbcf2E2CB241D68a92a950c,5,1
0x04C36d1373b69177F311c2e27FeA6eD61a3b84B1,5,1
0xEB6f3EAA5D0E30F1B860B913Fcab911F904907c9,5,1
0xfFa914c83D851b9Fe372e4bA6A6E131373AA16ab,5,1
0x6615b87546e64851F33515d23d70C50C3a7929EA,5,5
0x77F34B65b2CCA772dec60B10Be9323A2CdBf39f9,5,1
0x5cF2eD6A095Fd9d5704B2036714d36D87781cd3d,5,11
0x2112c5e398cF926F72D03bD5b00E63544798cFbb,5,1
0xc4996857d25e902eBEa251621b758F86D3761C0f,5,1
0x90e5aa59a9dF2ADd394df81521DbBEd5F3c4A1A3,5,5
0xB51690eFbF84197DBe2BC8E7b727844AaE6BEDFa,5,5
0x2de14DB256Db2597fe3c8Eed46eF5b20bA390823,5,6
0xD4C5211966074126b8F932596A26a34e5AE31d45,5,2
0x13c3258823fF9C506cb72291672dc9ea1E5517E4,4,1
0x7Ba6527419152e17d78DACCbb89a51AB71C8D200,4,1
0x1E5CE6F088fD0adb4fCFf31Cfb02A61503311bE9,4,4
0x8447e981341dd44F7a6CAF26e6452d3fb12d8592,4,2
0xC665A60F22dDa926B920DEB8FFAC0EF9D8a17460,4,1
0xfC28Fd2Bf7EF223A395D32Cbfa7b4488298d63d6,4,2
0x5Cb58a3fA9B02ae11f443b3Adc231172356EcCd7,4,4
0xE6EAD5E5B570c5d52A2Ed49317Da1002c7EC6b61,4,2
0x4991823598287059e469cd7523538b204760280e,4,2
0xf532920bb32122D6475aD4Cc7634dC3a69631902,4,5
0x44cd75d0eccaC283c62184ef87626d639E047441,4,1
0xa4925774f100e8A8D4496A86a039B36f0Ee7bA46,4,8
0x0158d24c7C80930151990130Da966f2234Bfa9D2,3,1
0x45Fc1376169Dc0aa41cAf8338f87f9Dc112eF1ab,3,2
0x7Cd37724e0491f99b821c76f84BdC9657Ee6ED03,3,1
0x9f4838f18104f4973Aa0972A73A3F50bDeBf86Ba,3,17
0xe887F13bfc9a33CA3de5a5CEb2fF3126f45b8100,3,1
0x1aC738DCD0942e75712Ded5d295A1214F94D3023,3,1
0xf0606D4C1d2fAD33e8237148748dD033267f5AA8,3,4
0x89Eb5eB43C500A6CFB6ed803c268A7E9fc676770,3,1
0xCdC116B3749f0E272D337C6213D8EBFFe65D6E1E,3,1
0x4c8F93d95354ecf0b54222bE4C4E8fB37bA8f3bc,3,1
0xF142D7bAFF0986B50ae24e694419C65e7091f52c,3,2
0x44B1650436027628d3179A22fd6faDC67c4b5992,3,1
0x3aff23b34571F74dCc5A31eb8120c7536a7F2de9,3,4
0x4DD43Dda4785c8bbF47fd3583d8B83f5e6A68962,3,1
0x679d5162BaD71990ABCA0f18095948c12a2756B0,3,1
0xFeEbB7251827A89143049d400573f71f54676adf,3,3
0x9C2EcD52e83A5fF9d0c981570A9C6eA044483410,3,1
0x347f4B87a779433377ceadb75353311993d7161F,3,1
0x3B883B85Fd41b81Ef23B6041248bC6AC0b1C04A7,3,1
0x7B640407513Bc16167ef3450FD6339803982e976,3,1
0x794098DfA22022A99eD7fC4cD643B6B8CAde1317,3,1
0x8a3acC2d82c9A19eFDBdDB803add7BF7713C4545,3,6
0xdc295e925e84e155e860bCA1D36a68b88A604642,3,2
0x124183252C86e093f78E5994916f044d7549bd1e,3,5
0x6F05F80dE605cc2013D34C8990566841945149e2,2,1
0x59275149EE03AC34f8a94Ea9063359BaD5527a78,2,2
0x9654617220e021f942E844855621ed08Ac9154c1,2,1
0x89121eADC0248EE54625A84aC8AF9855F7F9b7c9,2,2
0x61929B41C21977f4099BF0C23df6b1F91682e709,2,1
0x8f37B12A6860e29A3EF3F8BBAFf16C32a43a379a,2,3
0x05c250120ce07bA6fe361B39ac344148435C25Ca,2,5
0x4a72f1b10687F71c92504DC024c39b9033951602,2,1
0x09bC19CD33faF805E55b708C2dB3De87979B3950,2,1
0x1d00ff1416cF4eD1CEAAe24Bfddf8e4997bC3507,2,1
0x81974C1a09E53c5129c6e4f74E547fDa0Adf4D2D,2,1
0x810eD50B8EC90519e1A3E6ba9723438bCe20cDAa,2,2
0x4E79B9E54F84e17d82A81f711dDbbBB906FDD367,2,1
0xD63F7Fa6601eeccD0fBD507312Dfa67d0fE370Ba,2,2
0xd7192081E5F481364C190022f0012A729FbA37A5,2,1
0x7EFf7eeE42Dc0Bd27081A78fE23CFE2a72697f2B,2,2
0xdEe0075b89869CC40135468E861DEc990bb4aD6e,2,10
0xb412F82383D0f9A97E3be04598eA79cD4aF96D51,2,1
0x264624eDa7FF57D688A1a799B20f152D0a7cf42C,2,1
0xef09497247fb6Ea154Ea4DC12258D86267d570e1,2,2
0x668E961736454a2444ADB485340cB7F0844DDd3d,2,5
0x50A879029f433E7743eBEA8eCb47a29Ed458E083,2,1
0x7fA77093e83C9292C2357ea799AC2C57EC138203,2,1
0x10baF8298D4774F91C527DD963b7a18d60524c15,2,1
0xA85Fa747aEB17203bD3aBa143E8E12cd50fe539F,2,15
0xa3a332eeB5A68A45C8E002daAD0C89B7C94c3EF3,2,1
0xF380ED92ECA580C4D78B5678348389C82772BD61,2,1
0x6FE30cB188BeBA39b4516Af42CFaE189BC43Fb99,2,4
0xdDc39Ad101E5aE897714febAA3A78f444aA37AB2,2,1
0x54BF374c1a0eb4C52017Cc52Cf1633327EE3E985,2,1
0xb1Fc90b096C1E1B2311540fDD6b4E6937a8f670A,2,2
0x044C7542Bf5f9eC1D7723542C9E265B234dd2DE3,2,1
0x33E3c007d1D48e2B645C9ce22570267b0C82f578,2,41
0x527e2B882f82Ae893Ba80114aCed6ab9D6a17199,2,3
0x2365E8ebde63C8f25c4aB3f9b5Ee41853C4cDAC3,2,1
0x8018bbadf493a80051AB73B83DF31D1BF37790b6,2,1
0x874e8089E3f75d7Fac444c03f353025B70ccE620,2,2
0x396664dFc1E515682c2BC6c32b394d5734392FD5,2,6
0xB31999Ca48Bd9EFC065eB3E2676badD21dfa17b6,2,2
0xb386e92aCf9279cebb13389811C22b77cC649Bd6,2,2
0x54BE3a794282C030b15E43aE2bB182E14c409C5e,2,5
0x7772881A615cd2d326eBE0475A78f9D2963074b7,2,3
0xa8Edb7955E7c99bDEA80576D9aa9d9388aFe1a9e,2,1
0x5063fC43F24C224aCD53f625a86E6B10010DCaBD,2,1
0x0C64Dc72Ce198DEE4100A329722664596949c25a,2,1
0xfc4d5f7a7d7D10c6Fc89F520325AB3AD420D6465,2,1
0x875870De407275455F3A16dB3bBB95E606dbC2BC,2,1
0xFAEa523cDF00E9be0A82FA201fBB111330CC7c0C,2,2
0xFFe1ed201Da62451Fa23A9e7a7eD555b1F37E596,2,5
0x00493aA44BCfd6F0c2EcC7F8B154e4fB352d1c81,2,1
0x7858576756a0a4D2863d081F6EC85F1F72a69206,2,1
0x123Be94bCA3e5aE858039112D14C1c740a3989f9,2,1
0xcC95243658B8dE2535549F4BB975F8e858E53B67,2,1
0x6A693A682F8CFEA669C3170814d875107CB3aCCB,2,15
0x8fAB640d608c23844105342a88C86cF593D65445,2,2
0x3D8d744f2bfdd1D36638A625992F4D7aEBEE878A,2,1
0xdEfBb4e3AC96dA6AaAde47621ac5cB7dBB94AF79,2,16
0x5F2312F006bE7e8C1B469AF9C013Fba4a672a675,2,1
0xf598AaDF12a2FC4709b5Db0C4c169715EFAf2038,2,2
0x79dd8Fab0661Da2Cd4131BB454bAb060576ce2ee,2,1
0xaE5a8e190CE39d9304580d8eCcb9d597df6d9915,2,5
0x80aC8B6F4CACEa6129F5cF1365904F056b4E29EA,2,14
0xaCc1ef0a90A8D2000Ef01b0A116b41F2f3cec4B2,1,1
0xbe85E14B11Cc56e345B14fFE064958D30564A018,1,1
0xB578A715DB500925Ff6f1f62Cbd0df6573fcc2c6,1,1
0xA96df9D72Fa43cbC5f9AbaCF40C5B0c0b9fB0684,1,1
0xBcf03Eb586e7ce838Bb73c41BFe1070D0eA1cD09,1,3
0x779a7EE0d32122E82E46ebdd4B993e2192D66369,1,1
0xC01c78fd32403b22c89DC1eEca293D6A500403Bc,1,3
0x6dD77AF245F32D70bF529a22Fe34bc62c4615944,1,1
0x6073Ae7059582fb08AE030663c33d026B3aD0766,1,4
0x4De897414481622417Bd25d65c01B10F3c9a629E,1,1
0xd57c1a5812f1d2D7FF491C362566115f4A54643a,1,4
0xD3E401814d1FaA8ca0419EccCBFeE93aC7B15B31,1,4
0xb99eae4B1FB07880896Ab975534869bcdDeA35e0,1,1
0x6a8b990801daDe9077acB0eA8948D023C72D7060,1,2
0x2D89Cc4E013db2908b877c51D39Ff63982761c96,1,1
0x4dd1AF0Bdc8c8b49cA133392AED73f7250Ca4030,1,1
0x6527045A43D0B8c0cD0E0a42a7c491aA715074C7,1,1
0x78CEa29aCA1d3de197Ef761fF0169Beac6877124,1,1
0xDEF3d987131791b2712297F17654dA42FD63f6B0,1,1
0x1aD378eBCF646A64f9A828E6BC300d8261C00d7A,1,1
0x508ed8545360A1FEDf2AC62ACEd0eEeFe4707C3c,1,1
0xaF34964b228d7C671fDaC25A277F9d9A33Fa9730,1,1
0x9D9Fa64Bd35F06c9F0e9598a7dF93c31d72D14Ce,1,1
0x127EBfe7be8337b48B49cFE8D557be5677E7aFe2,1,1
0xd4C4A6D907cd164e20fBC5C651e13F9723305E5b,1,1
0x30E924cff3C2a73b153D1C935819d752c555eaaf,1,1
0x3303b6AED6F306A6d7cf5e8C8956bEFd8F1Bd2e2,1,1
0x63DEf8B513eD55dD9F5354EF5Af65590A423A006,1,1
0x5fA40124ee90742b615eB3Ac2a89a79863ab8117,1,1
0x53102d489D17b09F9e758742d5D1f67E120f10C2,1,1
0x41f0c2E1C071DCC834b80aa1A29b81E5A31C4BCb,1,2
0xaF97a78A41D1d030C89bb5e29e14adA03Dc802Ce,1,3
0xB1367Bd5C4D68897cCEdAbB0641c6ae491b8A697,1,1
0x024878EAff0e05E559CC4fE553f64c18C0469182,1,1
0x259b9c4CFEaDaeF8A5b842710a777364988415B3,1,1
0x93D849A31aCeA594a116B760Bb6DD71BDE536970,1,1
0xe47E1ac440A31A8C77C825cF30D9a91f6352Bc84,1,1
0xECa588e75c8Eb0D2322f52c2c90Bd525C5a5d93D,1,3
0xC7D97B8F43823da80b5666F3016D525d696bE3Bd,1,1
0x18DaC16fBB30529eF05828CC1409ffF2cB7A4dDc,1,3
0x54962F5882936E71964F938F5C5451D6162d21E4,1,3
0xB23f22BC0978bD90a58a2501f74ca50e90D1CAf5,1,2
0x4E99470b4102e5300af1854c7A00b597BCAe656d,1,1
0xa20ab40E67D7fA2a34ea1Ee27949427ED60AAfe9,1,1
0x496871Db169E3B3af78aADF0e8364bAD77018337,1,1
0x3fC3E56D256a4ACe92a93E4e6E70A719CAa0D080,1,3
0x2924196a2Ec71ea4AE1B1357381EcCdCEe6C18f2,1,1
0xbE659a818Eb788490be750d799682CfFD66be518,1,2
0xAFa08BA8B25460Bca971730B51058aa1C257893E,1,1
0xAc3aaD9A7fdfC1A4C548057a5dd1408D9E26Ca00,1,2
0xeA2a3f3DC3e40Ca326C1047B0cB567e91465C512,1,2
0xe684AEDcb17D70923dD50aC757ECeDc43d86cc49,1,1
0xa53cf9e377334e7dA7550e644B815Cc5Cb74Af23,1,1
0x57EAdd1811affBD06C03787CAA973E626C090c62,1,6
0xBc9b094e0f4B7e575CE2Ee66BBf4479196E84032,1,1
0x6d85Cb39201B6ADF262528A38cD4c173Cdb1a800,1,1
0x42B7677fbE40A6aEF2646971E82f782F6e8bf5c1,1,1
0x5aaD302341638541C9A39a1810D466Ff5fB2EECf,1,1
0xa2C4d0C1dDF2734D36B174992eF3CeBBaE5DB841,1,1
0x510D415a99596cCc0adC96F23BDCAEa810335451,1,1
0x226b7Ed8e2DaC7f7C529147833A8EfF769FdF232,1,1
0x18EB2e1f8eFcFcb092B700aeA3324f00FdBa08Ee,1,2
0x8b3477Ca7445ec524dd534fA4A596C993E93675a,1,1
0xbbc5E17749a63E5B799469A225cEb1683257c8A8,1,1
0xA0bB99250bf827D93B244ec495571A04ac0Cf1f3,1,2
0xd4745B170DeDe5eF451D46Fce6A111eE41f4047f,1,1
0xd266c194E126D4FCFC85E8c665ED7f668f6aAe93,1,1
0xd21f21Ed6B663028D6B9fC31f240e6D42A2E401b,1,4
0xed03133deB56d7e94E289a6e2Db4d508f0a3bB2b,1,1
0x4bc5f87C0CB3Ba5F1DCEfA61DD36412AF94DCF81,1,1
0x6ADFb48Badd780B055BA6da688549D20C4D49438,1,2
0x88889778402dcf6cF363bB9Ac47f7A2D8E77A2AF,1,1
0x94D42CE30B20A9f8C3636fA8c61BD2880ADF2092,1,1
0x9EFF1b485fA59288C763f134733AeABcFF4db0d4,1,4
0x6EBF331b50381dfa87AF6b451751351C91E0879A,1,1
0x1C051112075FeAEe33BCDBe0984C2BB0DB53CF47,1,2
0x02ec83bc927b74F362433E184803EA9070105BD1,1,2
0x1E9050d2C187895e676bf3E2F10D06e7f36DCa3E,1,1
0x4e2e67836d10B02B1DCe78591af6DFd1e2d7BCBA,1,2
0xBFaa0172F5B711b30B7D74Ba4efa25Ff501d4F7D,1,1
0x123B02D04C1a850E3ab057397E19c8d5402C5128,1,1
0x3C5391A154269eb6891c791D0c08800D2812cC9b,1,1
0x9bE313209Be2Bf005942D4DDBaFecECDe5F18b30,1,2
0x6B20B16f43Eca32B07fc255420C345adB9E00EE6,1,1
0x728f2548559E2AaCAE8B6b01FC39fF72771FF8BE,1,1
0xD01010EB05219e24ec051103875Ff9f7342A7E23,1,1
0x53aED391f71BC67d8b5b05a3851f46E742A74768,1,1
0x70e7ee4DBBf6f91ef363cd701f4b98B70EC1BA52,1,1
0xA1EFa0adEcB7f5691605899d13285928AE025844,1,1
0x4A7e8DCb760C1068BB6a5828C0d0A57a6143DAf0,1,1
0xC2B39a520d5088aFDa4Fdeac32DbA62516Ed6119,1,4
0xd2dC46C422eC6F131E3aa8156A785c8171665731,1,1
0xf9dbd46Ec67dAD36794FE788C29147e00fc25fE7,1,19
0x065125BE6e8c77b1Fdc5Ba874ffb25E14d2197E9,1,1
0x7A57eAa9E2C57524D4834814633882582524D8ea,1,2
0x2EcD28ce16455A0bafE961A85846EE7E5A7c9b49,1,2
0xd3759c2f98d25CE4AfC11d707280B8f40e6DE4Cd,1,1
0x56D76f5C26175ECC3A88EfA3cfc622C827F8C501,1,1
0x40F845e583b188B91D75528E1D21fb23595f2951,1,1
0xb4C2b19456e265584CF0ACe4BC9A1d7793f04491,1,1
0x66FBeC923D47aF8068a391842FBFe68F4C84a23e,1,2
0xe9243B443f7Ae019F03210c09937BD9a92752D13,1,1
0x10A7330415017A71Ba28CD22a5EEc748b280D6CA,1,1
0x00DfB0d32722D7820DF685E1B93f33774E83892E,1,1
0x5020519630FCEFe0c775B6BB3589F2Eae09E6D39,1,1
0xf7B1816B3BC48Ac0B93bc62d67d59d4F300EEe4A,1,1
0xbC5ce2dFc7a89d597c26F556a9670a99b73f2e0b,1,1
0x486bcf6db3bB2Bd35c3F8fB2d9AbAe0ADCDfE08a,1,2
0xd96a36cBf430C3f2aabFeF5B0D3778f36D0b1A62,1,6
0x2f0D2701b620B639e44E1824446a0d63D7a05C31,1,2
0xb7E94aA0550213e85a3f2d40b2DAE90a003b694E,1,1
0x12F8dEE62D483B9D641C6a6A77E2DcADc14615e6,1,1
0x27D447C2CAc8050e3716AaE99CE8CA37442B589e,1,2
0xdfbDB9b9174862eCB1010C39ca72409C1D63B18F,1,1
0x42E250824bDf98F3E450784b0C1CDC3ac2f157E2,1,1
0x840De9986997435983F3D827dF933638F1eD23d7,1,2
0xA7A0206154b0F3D4564CD643B285eD6d65d2c953,1,1
0xf948782165B58cEcE1C75fE1579bA19e86dbF95d,1,4
0xA9995648fCAC5b970cd25E141Da08C6E0a063fc8,1,1
0x1AFA4d5e719aaC9b46Dfc7556160cE8B3C2A2672,1,1
0x9F9d5CADC381C69698a96ffd5b1Aaaeba3F7CF62,1,2
0x04EE22568B4ABBfF87a6827BC4f801b81D99146B,1,1
0x81c29B719C9340A870002f60414C2f197CF5f924,1,1
0xE976cb353685b4ae0518E15959495255DfC83458,1,2
0xF1FB486F88aecCA071C24a442B6132a88f3476BC,1,1
0xde70BDf7dfE13614d281716813274380a59E3e5d,1,2
0x4f76Bd26E62F710660EC14becFb5DFBd72Ef262E,1,1
0xf195Ae9369CaE55d585fd839ae9255B11c06b455,1,1
0x90DAfA324D331801C3DE6307E3033c5bB6bAe3Ae,1,1
0xB88121a2b3194c5F05A90fC96690E9DE74b9a2D3,1,1
0xb312d5E5FF06Cf216a454f37CA58F4ddb7f305Cb,1,3
0x6dacb7352B4eC1e2B979a05E3cF1F126AD641110,1,6
0x8ca0a6D3f7D4a0Ef42a67676105d90B20cc8dced,1,1
0xA2BE1f1a2Df77c16FF63cB8ffD6442F1BB5E46f9,1,1
0xF5D4a3b9FB77d1d5600a10E0e1C4eFD12F9be751,1,4
0xc4CCa7049fba013313F57E0139b954913D541ad2,1,1
0xE42673B356307F669Bc18045ABD60fAa77413525,1,1
0xc4cAE9E74593011f5d5A7b7eAbD2d2a8c7E3d4ea,1,1
0x9412A59B4D8cfFCc65208D7457C6317C18D8f6aa,1,1
0x6a19CD93D7aa7f613ee0E714Ae265687E2f8a03a,1,1
0xeB4c5c24468C3e666D01257B76A73326411b7928,1,1
0x7c90155E5EE01E687fF6114cBdc58171EE93ECfe,1,1
0xE3f279F20c51173F68646d8c371E99054994c5FD,1,1
0xb00D52415d48c3408DDeEa83166BcA4D0f00501d,1,1
0xeD26FD0218b85f296cd56CD40c9955A36B52020E,1,2
0xA6705764df552e80dd343a4be8BAaf272270B695,1,1
0x7C42d8c9Ea5c6CBa2f42E252953583fcb8dE1CcB,1,2
0x4d3EB7De09BEbCe4fDB8dc37a60DF27498CcD177,1,1
0xc61f14DD2fEdBBa6414Ed0F2e3036d50f7919379,1,2
0x22aE26fE4F657e3BDD14b3E0749419295B3a8409,1,1
0x9c19503C62b533B690aA4928c0dD75D4C0B02590,1,5
0xfBCb950FD13add1fE0ba95440Fba0851575c617d,1,2
0x0C2DE53b7f4520AFD3F92ac793943CF90fbCFe13,1,10
0xa85fc696169A4e337F6102d8168a85A7162f5410,1,2
0xDe30040413b26d7Aa2B6Fc4761D80eb35Dcf97aD,1,2
0x022Eb93584EBF8338DB11e9b0C683A66C4e1414B,1,2
0xeE5a6Fc1525B1eB51ef6bf043C2a2c9e47e924eE,1,1
0x3e25dac1092031116E2A7d59953dCEC2824A6C6A,1,1
0xFbC1143290F212a0653F85382b0A9b81C04bf3bD,1,1
0x53A0DdD54Ce34a1432CFC4300eFA16e558F4047a,1,1
0xe01A97FC4607A388a41626D5e039FDEcbfC6ACd9,1,1
0xfb325eE61cef82a6e360755aa2fc105d545B07fd,1,1
0xBEB6D0882fB4a8d12EEF8C64e36fC21C59098b04,1,5
0x20b38b163765c3a9afEF81781F06cae22Fef3290,1,1
0x6C15D3a7ea840A8Cb2884056233B8aEF8e6E269c,1,1
0xE64d73155F955e4E56061032f013B066C8C5B0eb,1,1
0xfCEE234F00e0A1de86Cca300ddC6F005045df765,1,1
0xBB4630A0e080529213A6F58EdB1057a8550D7e16,1,1
0xe7AEfACCE8201C9DE7C15a482Ba4DF7C476A09ED,1,2
0xCddD0380132770c7A03f2AC2b2D421D35B95cEDD,1,2
0x98eD15C309e734466D0F6EC80fc81a5B8c2a9cAf,1,1
0xc5E4873aceecFCE453413f94d72739a9F4934475,1,1
0xC1A282E93651A3959BC4C0B15dc8879aE22086b1,1,1
0x0d917a622ed9a5773e52cCb1fAc82A75a8a6d9D9,1,4
0x4c064F014367F6b7b75940831c0A40395D17Daf0,1,3
0x5d30c7F521b0b05bD3245609c26CB2f21663b8D1,1,1
0xD5983C209Dc35D429bBcC37b734951A798f3D154,1,3
0x389E11d9dfb184527437343e6BcCbE6FFC4Fa286,1,1
0x960B1A74Abe556689D1f1e793124F4f8eF27303b,1,1
0x210dc0506BFDAb95c855871aD7011a309e518585,1,1
0x7F110aB3Ab505A4DA4259D42E67dD59472001E92,1,3
0xC55D765bbd35e495eA519F0A170dedd30363e114,1,2
0x8B9Cc341084337c0A5828BC0D5E20dADB197d991,1,1
0xd96E3129a1f0De59f9c3499b29293a1dD1427efB,1,2
0x52aa76FeA4a9DF1c2b5FF4cABFb54ac109E2e118,1,1
0x689C6bEA0e308460299909569d8A606b099fb577,1,1
0xCdd03A39690f1a8f63C05a90d114E9AC05A4C442,1,1
0x04399B6C0CE77dB3aCEEbb039c7DBa3A714ce8e9,1,1
0x62cB05fC74548cB01b5d6c9C846bd0C06a42be9e,1,2
0xf96D09c553db50EF8198eED965dF9E660133C23A,1,1
0x10440D9B549a402f93Ad0d7A031e6c7d9d83a344,1,1
0x45c1DDd5A706CCA7665BC2082d5ea56082995D12,1,1
0x1021b3846631A428d82C8bF7ad8e0ee4b19D7718,1,1
0xaf469C4a0914938e6149CF621c54FB4b1EC0c202,1,1
0x2D260D3c4Af1A42180929De1f639D23ede3328c3,1,1
0xBD66d837A0f034e88EdeA79F7b9d61ccdd6fB0CC,1,6
0x8675D32e2Cb8b2AB84C9e968F3140213303b1318,1,2
0xE5b84efdECFE8B26f96b0e2AD47822DFcC0952EE,1,1
0x3c2B4bDCD2F742C55186fc599Cb733a127E2b8ab,1,1
0x16AE9B67Be5d59FCB2FDDEa5b3208943e63A5aF3,1,3
0x272987bb318998e9Fc8893A263329E3065349DF2,1,1
0x86b5CfFA1B8A036D2f20F4BF0D98591801551986,1,1
0x5cbd390539caaa24152d62003de2522565470152,1,1
0x6C98702e96290DF3426F1535D694a866f385C375,1,2
0xe674dB4AEbCfa3E5bEB928F334f498Bd2C541a52,1,1
0xCeE749F1CFc66cd3FB57CEfDe8A9c5999FbE7b8F,1,1
0x1b16B382027b4DA128f6e8A57eC5C522FA0bE747,1,1
0xFa7D8bc7f321753DF6d7d0eE18348DB70a9d2af5,1,1
0xd6D0c2b6819153ed88dDB905997bfDc4c25ef7E8,1,1
0x826Ed732Cd80A1bE89b8C47D8600d24Ee43A4B83,1,1
0x13aC7bb1816298bC6DbD5f9aEEeEC815c98A9AFE,1,1
0xc70084445C4d24809C72b91e62B1168c727508CA,1,1
0x2D1202707Ca889E48794E5b30673FFc0537EaAdF,1,1
0x293Fc60df5A924a450e373B86971EBe21b54b1C4,1,1
0x233068B6210A74eaf4e9d13dce78DCd1D67c7e64,1,1
0x9dA6640321B9C7A538B5b126E2cFBdC6A999144c,1,2
0xF27F34c97b3ea78988C7EAF9b658AdA3b152b38d,1,1
0x98967304DcbEc4807305A5b1f68D9226e8643d9e,1,1
0x6fAA8109061AdefEC98E67510A5b43bbE4608A83,1,1
0x87a726a806F48A435d8BF627678c85f26B46c1b6,1,1
0xB12f1F37767D19d63cA5a9889Da95cb396c957eB,1,24
0x385B0F514eB52f37B25c01eEb1f777513C839d46,1,1
0xc5825A27A03fF2FbA429F49d7E337C4D4dd39400,1,1
0x69E22fBb1e95c26C39fE445bd60cA219C91ef7Ff,1,1
0x61fd0D043d519F5A2bD05785000f30Db96809429,1,1
0xD89B835e9064D5f623F720bA368232D3C0a42886,1,1
0xba139000e536892A38AB11954317D4c5c5C90dAB,1,1
0xB413eE173e07D7370f49d6dB28bC8c8C4e9a2ac9,1,1
0x339Ea14d82373cDBd329Ad32a1f192D3c5c1Efc4,1,1
0xCbb0A140815cEBD010A816ADdA260f3f0478e94E,1,2
0x4A5Ed28444609DDf7aC806f60818911FEb7545b7,1,1
0xAA54fA7C21aa518787208923d8d173F2B22658fF,1,1
0xD7205E6041134658cA95b0b1B04591b527fb6D74,1,4
0x5Dd4AEa440D35AD15478a7416a4C9afBf35269a3,1,1
0x78378aA806F98451648424fDc26901cb6189d224,1,1
0x41955ab7d12F9F6C03de972b91d9b895D9c2EaF8,1,1
0x421a5B097b71060113C435E3FEee236efBa510Dc,1,1
0x1338901827e3dee9506d0514F7746F306310F488,1,1
0x1b7a1B7AB90183AE03DBd900673F26e4f182570e,1,1
0x994F16B760E5549bDA0e8C9adAB0809552452e76,1,4
0x0b67A3d8708e3375a5226208eb3764e345B9aDa2,1,2
0x983953213fD82e8d0BaB2fC7c803ae5DFf9d0De1,1,1
0x03cD6F145bA9B86566303205a63d3D251F2233Cd,1,1
0x99D9cC271Dcdb1Ec44dAD67D91a8FCCea8F58b1A,1,1
0x12CCdf3513f8f09f4C0E6Ad7821988a7A8Ac0bE1,1,3
0xc292d0D77B069A77fC2CC23Dad4466c7406A6940,1,1
0xB8c1fECe2C2928B1e985f59e8546c2F0c13296D4,1,1
0xd2FC0D9F79ef243956c10e0C6e76E588D70ae8Bc,1,1
0xCda54f82379d6d33B2a761C0F7F5fE248DD87710,1,1
0xE30fBc19d251532824d86e900f52eEb95cD37EB3,1,1
0xBC4c2Aeb7f520c1A834795d45c60a66e135F4b31,1,1
0x110A072119278b5aA5D1d47CeD5E6171ba5F41D8,1,1
0xBe9998830C38910EF83e85eB33C90DD301D5516e,1,1
0x25de83CaA6a2c4a07f7B4718FaF5Aa06D880c0cF,1,1
0x10DaC4d9fC5217F67B1270B47B509E27e12BDFd8,1,1
0xfc7355bf612fb59043B0AC3d728942F41A3e3905,1,3
0x958AE6e9B3DacBa32F760a2Cef018c765c3D3d3C,1,12
0x286096cbE703afa1Bd126765aCaDF573C938F778,1,1
0x42AB573301D8843B5Bb4072c7C5FAc5b5Ca02F03,1,1
0xB2299149CdD796aB78415e80e99269E3d23d9B89,1,1
0x2DD534dd4949ccDbB301D29b15d8B86111eE4aE1,1,8
0x4D66419C34169861a3a782D786F61258887f875E,1,1
0x6206c63d23D55B4906E4B35A455F8BAAf4296EEd,1,1
0xcaE48c78B41FCEfB2C6313f4B57fd2a3094e0f68,1,1
0xc29c909E7C42c400321adF1c9f3C9a4fd1d397d4,1,1
0xb533f24cf34eB009f97b73Ef22c6F0a4B0438307,1,5
0xFaEAE775e14493A8cc6c2582d588e20AFF1848e1,1,1
0xBA2E80144fE3eF8881fc5A816bbC607768e91321,1,1
0xa69f62A2e45baA788B1063E34b9ceaa0cDF693be,1,1
0xDe041EEB79237d066b7478b7e97B8eF4675fb8A4,1,2
0x8E87d8Aa61795339Cbb0f081a76B7074016b4568,1,1
0x6D54053B73E5dD071ae20571DaDca9b7bCEe4f55,1,1
0xabF9984f06799C7D9378628e31136B321D159318,1,2
0xFA4c65D08107Cf8DabE4C62fc72ee1498927571f,1,1
0x23b7040b0e90aEc8E9a7fDaAa38301eAB0863CCF,1,1
0x63B135a7dfFd00dd92FE4bD58378Cf4b0110f362,1,1
0xa98A680f58e4B9E0D343907DfE3B333C73A4229C,1,1
0x4c5776AE1425cDaD807A5a4a345c7c3eD8f67001,1,1
0x8fBaA84710279E27e2FD4FF4ae1c442e9cc5c6C4,1,1
0x6Da432F786CC7ed871b5571BFc192e8E4B37c7bb,1,1
0x53855aC8c42Dd61C6172234d24f88214db33Af96,1,1
0x2924639E8aF1f35A08C34334B387Bc6Dc057DB8B,1,3
0x1B54adafAA517d6D2DA3AdD9060E66A65E6D7dB9,1,4
0xaFB2BdeCafeC778923cC9058c9642565B2999A29,1,1
0x2abcA92602D912A6884B8066e3dB14256d023441,1,1
0xf19B975AB5B1ab459eE989f1875C80FD24359b4E,1,1
0xe46105Bbda606bAbB797B343B21f930668E83c1D,1,1
0xf4F3d62B46343099910B05631DADcA82f0F0c304,1,1
0xE127F381e2f57161D0f12aE63d8Dc95dA0904950,1,1
0x5d4109bFCFAdB94366aE7e25b508280368dADeC2,1,3
0x054EAA6D78D284ff0693945f315c471E74d69129,1,1
0xB66e0d13f9c099e2E185Fb5DAfB8f59f0Dc744a3,1,2
0xCfDCB37BF878870BCa07B25D2c505c7e1d49F65d,1,1
0xE6C486eb5f5cC2C64b53AB6c3942986D648C9b89,1,1
0x6263656c2887444b74049979db04649f69acF92D,1,1
0x9F4C5733784dBF867Eba62068E5aB06c7D3A7843,1,4
0xaaf3c82bbD30D08D06fC8d16c4186E8692784DA1,1,3
0x393909D0c191d0A77A897EE3225880cdf01C00f5,1,6
0x3245d7659409e1DFa25878C02273b5e86e74F2c3,1,2
0x35073B28Aca9131558c0C672C36F01BF785B81b6,1,10
0xca2617c0C16a78dc0B29Ca72a88785E5797ae61f,1,2
0x0743882fa09A0c257B18d53dC1B101d3F32a04E5,1,12
0x2C543BeE768EAf32a09D091E8239CDc9E33c75F5,1,1
0xfbd34E0DBAD3b875B67F2690D0ba26d7f12f9D87,1,3
0xE526B01B0728c617a2664ce4Dd86f289FBbd5cE6,1,1
0xB2e714BF6b0CddE7F27316132Fb612315f3fAf91,1,1
0xAE72D9Da4672D4d990f8Ee718Cbd5A0407829229,1,3
0x5cA76D95FD3E1ec2c9D35a2570DA66c5903A533a,1,1
0x28705f64c07079822c7AFd66e43975B7C6095ef6,1,1
0xF0A1ab0cb140d72d4c91bF4C8EC28Ed578BAB6f4,1,1
0x4BdB3562156Ea36e0F0789c00DD6372C1C4AFD47,1,1
0x010D1aE300eBbfe8E31E53ef8BebD59a8169a3f5,1,1
0x8662Eb5f360144a488a879cb7156E4E5aA14b61d,1,1
0x69e2757D41D1504706D9814694C71BeAb88b3561,1,1
0xB7A31346433430D92846f0181C55Fc506B9b22d8,1,2
0x9A45D34842353497Bd1a52101A744955357B78D3,1,1
0x4a5A34e72b09BC1DfeA5123B964099061e5253cD,1,1
0x42204dc2eFCFcB0f148d94f97348edB11B1E3f85,1,1
0x206153C003D24171702A0947Ec1008F125e6f155,1,1
0x114883c62112C5C98fd22F09221636bdecAfCC6c,1,2
0x55D35116e5dDfC16D89f552984274ec377539f3c,1,1
0x8D5c7D8eb3858249BA51c2a43d1fA74E0396d5C4,1,1
0xAD86b45E92038e9c9815b3dcfdc47b4aa5735805,1,1
0xb7FeB8cdF15262Ae29f2978c478931B7Bd1ffDEa,1,1
0x772B7CCf0CDF35Fa394160168822E3bdA69953c5,1,1
0x007880443b595eb375ab6b6566ad9A52630659Ff,1,1
0xfE7be7372aD1c36a6E3e9ccFC473fe460586A550,1,1
0x80912CaC61261902247728872E87C7A89CA8Fa49,1,1
0x625e7eCeA0bf6955bA15A8C1a7731CB44488aCE0,1,1
Total,990,1095
